duration_s,packet_rate_pps,byte_rate_Bps,syn_ratio,dst_port_entropy,unique_src_ips,avg_packet_size_B,flow_count,tcp_ratio,udp_ratio,label
46.66,577.9,42829.0,0.049,4.5,28,811.93,18,0.579,0.418,0
26.89,327.19,156231.03,0.105,4.066,3,511.61,445,0.835,0.221,0
51.66,86.28,14297.24,0.129,2.745,66,531.88,432,0.935,0.144,0
42.14,94.55,71463.43,0.272,1.798,31,749.98,651,0.864,0.092,0
6.56,870.52,152797.21,0.426,1.309,102,926.71,701,0.77,0.318,1
58.56,120.37,62587.63,0.164,4.453,21,703.36,129,0.842,0.047,0
45.91,301.39,88814.13,0.38,3.696,76,639.99,252,0.864,0.117,0
47.38,47.16,25050.4,0.42,3.075,61,888.67,166,0.707,0.272,0
8.56,176.61,63438.66,0.365,4.457,73,864.0,86,0.715,0.343,0
27.57,442.68,274345.98,0.283,1.048,14,1006.6,2,0.841,0.224,0
22.88,39.74,8862.49,0.087,3.571,56,131.31,66,0.897,0.15,0
55.68,154.01,112325.27,0.06,1.475,75,920.65,420,0.955,0.0,0
38.99,147.1,62539.69,0.25,1.043,41,645.69,122,0.536,0.507,1
49.54,370.11,228385.42,0.308,2.595,105,145.15,156,0.639,0.386,0
27.16,347.2,238630.37,0.314,2.243,64,834.07,95,0.658,0.258,0
14.41,369.33,295142.9,0.273,4.735,44,876.86,579,0.886,0.011,0
33.72,298.38,65035.73,0.478,1.958,4,656.93,508,0.884,0.168,0
4.77,346.77,91953.47,0.066,4.167,21,964.93,769,0.753,0.238,0
49.83,74.8,17788.32,0.123,3.87,57,402.28,90,0.836,0.1,0
38.27,299.77,74090.34,0.293,3.506,48,290.17,167,0.821,0.169,0
45.73,649.47,316182.23,0.282,4.642,104,459.84,365,0.858,0.16,0
21.92,256.27,203770.47,0.018,2.336,94,527.46,519,0.854,0.142,0
58.27,148.18,117461.62,0.389,2.254,19,853.36,104,0.915,0.008,0
53.69,160.27,71334.16,0.162,1.224,71,1023.89,170,0.867,0.227,0
46.92,617.6,326878.67,0.333,1.741,55,881.85,337,0.85,0.2,0
12.48,13.4,9311.38,0.228,4.459,13,258.35,15,0.82,0.163,0
28.54,1139.93,854603.65,0.324,2.635,80,477.49,316,0.754,0.231,0
3.58,31.23,6337.08,0.102,2.036,64,240.59,607,0.814,0.204,0
10.1,198.57,88642.2,0.224,1.473,11,842.87,421,0.85,0.094,0
41.3,90.44,61010.35,0.301,2.682,56,342.92,347,0.907,0.109,0
44.94,365.95,101514.2,0.108,3.725,88,658.94,390,0.849,0.085,0
58.08,411.31,156240.27,0.192,1.79,39,962.69,757,0.601,0.395,0
20.22,284.8,224768.96,0.26,3.91,43,824.87,416,0.601,0.34,1
22.86,223.5,176291.18,0.09,3.334,14,400.15,427,0.756,0.188,0
28.7,42.31,30869.11,0.125,4.044,25,439.47,744,0.904,0.178,0
12.18,181.75,117928.52,0.303,1.629,117,804.84,126,0.888,0.115,0
8.67,217.77,54843.82,0.209,3.34,74,686.39,77,0.736,0.274,0
29.07,91.39,26560.6,0.033,1.192,21,169.89,360,0.688,0.211,0
14.39,317.09,146009.15,0.183,2.137,58,1056.35,255,0.639,0.331,1
40.52,285.95,134563.27,0.07,3.76,23,644.38,163,0.906,0.117,0
26.79,192.39,82561.47,0.246,3.343,53,599.63,96,0.776,0.234,0
50.13,246.61,130089.75,0.024,1.345,18,286.22,702,0.854,0.039,0
42.32,189.39,67469.85,0.193,4.363,74,489.77,491,0.821,0.19,0
19.43,43.81,26806.84,0.115,0.74,68,439.42,553,0.61,0.409,0
50.1,355.45,106693.75,0.075,3.178,76,368.64,95,0.824,0.24,0
48.48,306.54,91351.41,0.197,4.927,53,706.84,273,0.757,0.21,0
23.86,71.87,10451.68,0.179,2.892,35,586.99,497,0.331,0.557,0
18.01,323.94,62045.04,0.055,4.103,30,1073.69,422,0.653,0.298,0
41.27,332.24,228541.97,0.273,3.178,26,1133.13,556,0.621,0.324,0
9.25,332.84,128049.33,0.212,4.024,52,310.2,535,0.865,0.172,0
12.79,443.87,98051.02,0.145,3.45,54,174.12,331,0.581,0.283,0
1.43,579.18,358802.93,0.33,3.61,81,955.28,626,0.906,0.071,0
47.43,174.81,81370.4,0.159,1.525,7,1194.14,208,0.622,0.45,0
40.23,436.53,28753.23,0.339,3.838,34,1044.5,65,0.751,0.249,0
42.6,171.26,49197.17,0.096,1.571,102,87.02,730,0.9,0.145,0
47.06,315.89,57728.56,0.044,4.913,109,346.44,18,0.828,0.09,0
28.08,483.4,261955.75,0.169,1.525,111,109.41,227,0.779,0.141,0
34.56,121.65,31175.63,0.194,1.565,37,995.69,92,0.799,0.273,0
9.25,16.11,1589.89,0.101,4.364,17,722.8,186,0.689,0.316,0
7.76,111.36,10155.99,0.106,1.593,24,645.64,316,0.804,0.201,0
40.44,533.39,259386.22,0.235,2.124,16,692.07,104,0.795,0.149,0
28.79,98.8,6549.65,0.127,3.716,114,347.79,373,0.468,0.537,1
34.35,513.18,352346.17,0.186,1.214,106,745.87,741,0.73,0.213,0
46.13,111.88,18632.75,0.227,1.216,97,94.96,110,0.857,0.203,0
38.45,209.51,105785.19,0.189,2.689,87,796.45,741,0.779,0.358,0
33.66,247.37,94869.06,0.667,1.597,41,897.25,329,0.823,0.202,0
33.99,98.36,37585.28,0.116,1.56,57,827.25,474,0.706,0.262,0
18.93,211.38,21951.29,0.074,0.542,101,438.61,353,0.666,0.207,0
2.82,53.01,34566.1,0.174,2.167,97,1001.94,253,0.751,0.165,0
26.77,188.01,135328.12,0.208,1.932,62,875.72,88,0.791,0.287,0
13.66,231.83,13507.21,0.072,0.64,100,206.26,475,0.855,0.093,0
25.1,17.37,3195.51,0.214,3.296,42,282.46,733,0.799,0.182,0
51.35,110.49,80426.74,0.212,3.32,50,786.3,417,0.867,0.166,0
14.8,308.81,142708.55,0.191,0.819,100,389.93,479,0.64,0.434,0
4.44,87.83,14274.8,0.209,1.927,45,196.15,515,0.618,0.372,0
17.6,347.13,70152.9,0.04,4.428,90,236.66,311,0.756,0.224,0
18.32,372.03,202752.28,0.104,3.12,54,248.8,97,0.651,0.353,0
40.05,307.82,182727.67,0.252,2.354,36,604.68,406,0.856,0.112,0
33.86,432.88,216256.29,0.05,2.593,27,752.42,695,0.567,0.405,0
47.25,49.22,37647.29,0.402,1.437,73,261.1,252,0.752,0.269,0
40.19,498.49,209637.87,0.135,4.153,58,872.25,697,0.875,0.134,0
24.98,99.87,27483.43,0.069,4.613,44,380.35,683,0.886,0.221,0
49.03,269.67,110006.1,0.272,4.598,89,415.18,196,0.885,0.137,0
10.85,784.67,250896.87,0.326,1.508,1,314.79,460,0.623,0.435,1
2.34,184.71,40323.31,0.146,1.898,11,955.13,598,0.703,0.243,0
6.31,252.22,21305.98,0.1,1.223,115,1154.19,396,0.652,0.374,0
43.62,100.45,31557.4,0.147,1.882,79,621.45,559,0.715,0.249,0
28.25,779.52,454893.97,0.102,1.998,66,107.91,728,0.807,0.212,1
10.52,110.72,7066.83,0.416,3.349,2,357.05,502,0.902,0.132,0
30.56,395.45,150025.59,0.362,1.353,72,240.18,670,0.872,0.13,0
9.99,578.48,308332.83,0.3,4.637,52,1020.75,640,0.912,0.208,0
42.08,422.43,214510.29,0.274,0.964,72,156.73,650,0.88,0.191,0
27.32,321.97,203642.4,0.171,0.531,5,1161.78,682,0.797,0.262,0
23.48,266.55,175357.43,0.031,4.347,66,730.91,181,0.855,0.183,0
18.79,75.04,43805.73,0.063,3.667,69,650.22,15,0.689,0.4,0
38.19,756.53,96153.95,0.234,2.099,35,1025.98,123,0.958,0.0,0
22.35,302.75,122997.32,0.077,3.18,7,91.4,200,0.801,0.268,0
6.17,252.34,126815.28,0.18,1.506,116,945.95,552,0.872,0.078,0
7.96,92.41,21639.56,0.079,1.258,85,192.93,408,0.924,0.048,0
57.75,261.88,21451.35,0.193,2.62,74,1018.49,375,0.903,0.125,0
54.61,240.22,52293.32,0.135,2.089,92,663.26,8,0.58,0.482,0
42.28,784.65,306933.18,0.101,3.269,80,129.69,547,0.742,0.201,0
16.69,252.22,90913.19,0.184,1.482,16,1009.9,292,0.79,0.185,0
58.18,258.66,47205.47,0.383,3.483,55,91.14,608,0.514,0.491,0
46.95,93.51,62496.32,0.342,3.951,106,217.74,91,0.659,0.332,0
43.3,131.56,97918.89,0.062,1.25,35,969.52,236,0.853,0.189,0
27.51,362.64,72894.72,0.145,0.697,116,589.95,44,0.845,0.327,0
17.06,39.08,29197.34,0.22,2.478,8,1064.78,228,0.55,0.471,0
6.69,496.64,31484.59,0.288,3.983,40,784.39,738,0.696,0.267,0
54.25,505.92,376260.09,0.096,3.429,42,770.82,393,0.874,0.061,0
27.89,119.47,91265.59,0.409,3.658,74,393.15,352,0.57,0.414,0
12.94,322.85,19060.48,0.085,2.313,21,212.4,219,0.713,0.24,0
19.05,591.33,367965.1,0.201,1.557,28,1155.74,212,0.883,0.141,1
35.17,225.26,175172.38,0.263,2.893,79,179.47,534,0.782,0.24,0
11.43,193.16,140893.79,0.097,1.42,34,663.07,788,0.771,0.205,0
51.54,212.87,165622.23,0.209,3.768,105,370.73,597,0.852,0.247,0
45.75,302.24,139858.44,0.134,1.386,104,361.12,589,0.936,0.028,1
43.45,147.03,15970.27,0.252,1.811,37,737.83,378,0.827,0.167,0
26.49,179.95,123690.49,0.118,2.779,67,969.64,79,0.675,0.357,0
38.01,306.73,156543.86,0.039,2.69,40,945.98,579,0.704,0.34,0
35.46,167.91,85809.86,0.298,3.204,42,1050.43,647,0.579,0.485,0
39.34,85.73,31115.77,0.069,2.469,80,393.91,408,0.683,0.338,0
5.98,35.0,16763.2,0.108,4.638,35,590.96,74,0.919,0.133,0
25.53,256.04,42293.1,0.216,4.28,18,70.64,570,0.838,0.129,0
3.46,566.54,342660.65,0.206,4.456,31,911.42,736,0.586,0.46,0
30.15,334.78,35574.46,0.125,3.333,111,404.67,180,0.898,0.147,0
20.46,89.03,53179.55,0.166,3.358,31,700.1,128,0.889,0.187,0
9.53,130.71,89762.21,0.149,3.241,44,253.0,591,0.602,0.315,0
7.1,191.99,77632.47,0.064,2.457,75,994.12,266,0.683,0.272,0
35.67,801.3,346460.89,0.182,1.949,13,991.69,572,0.62,0.421,0
11.06,830.13,235890.02,0.149,3.164,32,1060.3,562,0.979,0.0,0
55.58,766.58,595706.02,0.009,0.615,21,112.37,214,0.721,0.303,0
35.28,276.25,165705.37,0.337,0.534,110,1191.4,34,0.754,0.299,0
21.47,1509.07,493076.27,0.247,4.332,111,342.47,445,0.75,0.221,1
35.86,136.53,24725.89,0.269,0.709,90,412.75,326,0.827,0.151,0
2.35,186.27,39990.12,0.111,2.862,30,344.24,684,0.585,0.362,0
57.55,470.46,187213.92,0.598,3.267,74,364.99,287,0.657,0.317,0
29.46,307.92,233072.18,0.425,1.392,79,690.03,200,0.837,0.138,0
47.18,321.01,192800.26,0.361,4.531,104,333.38,688,0.727,0.239,0
5.88,103.98,21983.84,0.182,1.355,19,508.9,589,0.705,0.258,0
29.71,238.86,165928.0,0.27,4.48,88,807.39,495,0.851,0.136,0
29.95,138.32,46148.96,0.288,3.933,24,1013.07,763,0.933,0.052,0
56.33,69.76,48047.27,0.23,1.583,68,849.73,626,0.85,0.243,0
34.73,152.98,35380.99,0.056,1.178,105,737.53,693,0.723,0.257,0
28.94,307.98,158302.08,0.122,1.923,8,228.41,639,0.813,0.204,0
16.75,418.12,311501.38,0.352,2.291,18,990.37,321,0.903,0.069,0
20.56,33.46,8144.01,0.169,1.606,97,102.49,50,0.608,0.363,0
31.72,247.62,141068.98,0.122,4.995,3,361.18,486,0.73,0.185,0
26.9,230.5,182208.89,0.179,1.533,82,125.05,612,0.788,0.133,0
2.28,296.27,48277.26,0.037,4.238,60,820.87,793,0.837,0.103,0
49.75,90.66,10543.94,0.277,1.216,42,479.94,545,0.93,0.079,0
53.87,92.42,51354.25,0.226,4.911,103,803.34,455,0.691,0.363,0
9.27,576.88,175834.5,0.051,1.515,102,455.62,460,0.875,0.036,1
33.69,120.89,12504.36,0.116,2.398,39,579.54,92,0.756,0.216,0
7.41,178.96,72744.27,0.053,3.014,1,582.08,6,0.797,0.135,0
40.66,194.36,119594.84,0.258,1.041,16,111.96,37,0.798,0.189,0
17.59,140.61,37098.88,0.135,4.176,13,550.46,723,0.618,0.436,0
39.91,354.67,106857.56,0.086,1.736,117,790.81,632,0.693,0.284,0
43.89,333.31,228076.32,0.437,2.972,72,682.5,208,0.538,0.459,0
46.35,222.52,97921.27,0.273,2.973,81,145.82,339,0.831,0.242,0
7.36,147.83,100827.68,0.179,3.212,28,821.58,387,0.863,0.16,0
55.04,208.84,80358.85,0.193,0.75,102,412.1,198,0.732,0.23,0
14.58,263.79,201725.26,0.171,1.259,86,76.46,338,0.71,0.298,0
3.21,130.85,70410.77,0.192,1.225,90,237.38,278,0.88,0.079,0
33.74,373.76,51176.71,0.118,1.859,56,627.22,556,0.832,0.189,0
22.88,494.1,352699.32,0.443,1.152,84,413.86,606,0.865,0.161,0
49.96,644.04,268530.79,0.242,4.649,65,851.6,79,0.737,0.195,0
48.69,617.88,96531.01,0.142,2.808,46,334.34,372,0.877,0.132,0
19.71,193.35,31809.91,0.192,3.306,71,940.99,792,0.817,0.177,0
57.22,273.81,154878.5,0.158,2.109,39,386.58,694,0.74,0.287,0
18.16,219.18,18746.7,0.088,1.743,114,767.78,635,0.696,0.345,0
31.39,218.55,57904.62,0.342,2.764,86,971.11,588,0.79,0.234,0
16.1,207.66,32154.96,0.025,1.824,88,499.53,4,0.742,0.242,0
56.23,251.17,95646.4,0.088,2.046,86,113.36,779,0.691,0.356,0
10.71,550.37,198553.54,0.342,2.537,54,670.41,588,0.902,0.055,0
3.65,314.88,138989.73,0.353,2.776,114,1194.77,710,0.839,0.095,0
26.67,86.8,22544.57,0.146,4.929,25,1164.65,727,0.874,0.0,1
59.55,479.87,35526.15,0.092,1.505,68,311.97,204,0.423,0.573,0
53.61,293.26,149793.01,0.09,2.696,9,921.49,12,0.86,0.099,0
45.17,357.59,118107.15,0.177,1.173,36,453.25,527,0.75,0.27,0
53.56,310.32,167110.32,0.066,2.075,69,242.71,367,0.847,0.055,0
53.71,320.84,42190.25,0.225,3.728,59,819.14,17,0.488,0.48,0
31.61,331.72,20013.5,0.239,1.285,112,630.99,217,0.675,0.348,0
19.64,42.74,10095.91,0.171,3.116,74,674.72,792,0.755,0.193,0
46.55,354.34,139048.1,0.219,2.375,49,1003.23,291,0.761,0.26,0
40.04,135.9,46961.68,0.269,0.732,51,443.66,209,0.763,0.209,0
23.05,167.49,110165.46,0.166,4.699,73,820.49,523,0.885,0.113,0
6.57,249.63,83220.68,0.192,2.361,95,477.46,532,0.7,0.33,0
45.06,712.01,318860.29,0.529,4.028,33,108.71,266,0.748,0.299,1
16.49,101.8,50403.9,0.23,2.373,70,490.94,679,0.636,0.369,0
56.27,243.17,16139.87,0.269,4.718,69,1143.04,464,0.822,0.137,0
15.22,203.66,88866.51,0.208,1.807,2,610.92,129,0.853,0.124,0
8.24,475.12,146633.71,0.186,2.355,109,183.38,260,0.823,0.209,0
50.04,199.14,72876.63,0.203,3.915,68,844.12,678,0.819,0.13,0
10.04,295.74,37031.79,0.261,2.047,29,1158.25,72,0.846,0.145,0
11.58,102.08,65035.59,0.054,2.14,76,1095.06,10,0.794,0.186,0
36.36,530.74,401663.56,0.314,4.977,81,712.04,525,0.895,0.1,0
52.6,63.76,4253.04,0.179,3.0,109,488.96,354,0.654,0.296,0
12.59,350.89,175808.72,0.04,3.602,5,721.97,203,0.562,0.345,0
19.31,297.12,185073.53,0.072,3.396,50,990.16,378,0.708,0.318,0
46.87,329.73,86919.68,0.075,4.226,22,1041.81,147,0.935,0.114,0
58.34,64.75,41480.86,0.048,4.378,69,993.48,299,0.569,0.341,0
30.54,195.86,102681.54,0.177,3.035,60,579.24,187,0.961,0.057,0
9.49,459.31,343049.43,0.247,1.826,57,195.5,469,0.652,0.402,0
1.82,783.33,615503.3,0.128,0.603,117,708.86,539,0.757,0.273,1
14.55,229.35,18751.27,0.123,3.265,64,238.33,731,0.74,0.239,0
8.78,429.84,164929.45,0.068,4.215,49,129.49,55,0.861,0.092,0
40.98,276.19,127112.52,0.259,2.527,9,628.48,262,0.838,0.166,0
8.19,238.69,38204.87,0.33,1.241,35,807.13,212,0.721,0.292,0
30.87,178.02,53800.39,0.119,1.796,107,1033.73,463,0.904,0.101,0
41.96,250.58,198142.6,0.102,2.795,54,952.43,426,0.947,0.044,0
35.29,403.51,25087.07,0.302,4.265,109,1037.25,702,0.858,0.088,0
12.79,426.9,166228.13,0.2,1.273,64,926.48,735,0.762,0.259,0
48.44,79.02,53887.77,0.095,3.255,66,861.69,618,0.799,0.225,0
43.21,165.03,48341.02,0.19,3.89,52,71.56,159,0.71,0.3,0
44.6,97.32,39887.54,0.053,4.712,67,773.76,33,0.645,0.36,0
8.73,260.24,203907.0,0.131,1.025,8,197.35,719,0.556,0.528,0
8.3,190.28,77284.12,0.14,4.669,7,126.88,754,0.738,0.231,0
55.73,321.76,47682.12,0.202,3.207,57,238.31,201,0.687,0.377,0
24.46,338.06,30016.47,0.349,3.95,72,998.55,38,0.888,0.076,0
18.76,20.87,15844.44,0.224,0.742,66,907.99,544,0.888,0.167,0
29.83,249.1,62115.82,0.161,2.778,52,1141.6,471,0.733,0.329,0
40.11,557.72,238729.52,0.157,3.302,35,1176.03,711,0.693,0.293,0
57.38,165.08,19484.31,0.107,1.881,85,1078.34,460,0.676,0.407,0
17.9,161.07,59232.43,0.269,2.442,72,211.54,608,0.982,0.041,0
55.56,493.71,369090.68,0.402,2.994,6,1061.36,629,0.617,0.339,0
2.47,440.73,188105.92,0.181,2.986,54,1016.05,8,0.887,0.095,0
33.76,106.94,83237.72,0.258,0.688,85,1053.04,119,0.693,0.364,0
38.4,411.14,100371.12,0.111,2.478,94,232.92,624,0.903,0.143,0
7.25,129.53,55490.57,0.263,1.462,35,193.14,144,0.559,0.388,0
9.28,159.67,110912.58,0.297,4.625,111,1113.14,165,0.734,0.259,0
25.73,106.85,41264.12,0.248,4.895,78,258.16,601,0.864,0.146,0
58.01,78.39,20352.1,0.338,1.848,53,480.23,164,0.689,0.286,0
36.17,271.84,188006.32,0.296,1.288,75,579.82,120,0.757,0.36,0
56.05,66.89,22904.4,0.254,1.488,104,201.86,11,0.53,0.481,0
48.46,280.15,125520.88,0.201,2.65,27,83.52,376,0.524,0.473,0
28.58,273.63,214083.24,0.197,4.435,18,1193.26,509,0.831,0.228,0
47.3,221.4,42036.38,0.127,2.75,53,1059.39,585,0.829,0.152,1
2.05,171.61,47374.05,0.031,0.749,10,1100.07,724,0.831,0.22,0
7.44,144.83,10616.21,0.291,0.679,100,384.4,521,0.823,0.094,1
49.94,94.57,32520.47,0.261,1.523,116,310.92,605,0.887,0.091,0
48.01,647.25,129539.89,0.287,4.292,73,545.49,169,0.829,0.223,0
14.73,213.78,119721.62,0.004,3.297,117,576.78,273,0.823,0.256,0
32.32,208.17,38718.61,0.081,3.033,9,66.38,243,0.633,0.328,0
36.75,111.62,62070.46,0.177,1.935,76,948.35,52,0.786,0.169,0
52.2,602.29,149131.19,0.167,4.682,53,1196.2,775,0.559,0.47,1
36.58,152.74,48330.19,0.242,1.99,34,662.71,193,0.608,0.36,0
25.34,300.24,93567.06,0.148,4.257,38,502.61,359,0.573,0.414,0
23.08,343.48,201814.55,0.078,4.532,65,507.74,286,0.481,0.563,0
26.13,271.99,108765.17,0.422,2.675,77,169.53,36,0.763,0.21,0
39.46,65.23,20937.86,0.284,4.524,20,363.42,722,0.812,0.09,0
52.18,399.04,275122.42,0.1,1.746,74,632.43,176,0.483,0.452,1
27.78,151.42,72525.78,0.319,3.463,111,552.31,81,0.686,0.314,0
15.62,437.7,92079.37,0.276,0.896,2,681.34,274,0.735,0.172,0
14.96,237.23,172010.89,0.037,2.633,105,1027.93,115,0.573,0.413,0
45.01,358.52,110061.34,0.119,1.478,73,316.78,799,0.87,0.061,0
49.18,575.87,45628.91,0.106,0.782,41,91.54,152,0.923,0.159,0
7.21,388.77,163653.76,0.269,0.517,88,103.58,242,0.718,0.391,0
4.93,364.74,52140.6,0.184,1.961,74,212.95,217,0.759,0.188,0
36.07,411.73,94223.36,0.132,3.153,92,710.35,22,0.761,0.252,0
9.62,125.54,76619.34,0.135,2.549,10,981.33,11,0.637,0.315,0
49.66,450.56,66711.51,0.214,1.858,8,1070.96,410,0.676,0.308,1
19.31,200.99,131693.27,0.122,4.96,77,784.03,186,0.389,0.701,0
9.49,206.27,155255.57,0.423,4.728,37,519.58,67,0.882,0.094,0
55.34,265.61,134106.33,0.351,1.065,29,236.15,233,0.833,0.153,0
10.77,186.36,108606.76,0.207,2.368,51,517.62,219,0.954,0.0,0
17.8,103.26,60429.17,0.311,3.42,87,438.95,339,0.666,0.391,0
10.06,250.6,199130.2,0.22,3.801,22,1051.83,793,0.669,0.168,0
7.81,207.06,63391.01,0.283,2.149,116,614.86,246,0.815,0.162,0
2.25,201.25,34643.49,0.165,3.858,51,317.86,564,0.584,0.413,0
4.27,231.42,101678.72,0.507,1.059,18,389.23,615,0.877,0.09,0
11.3,24.09,10837.8,0.434,1.993,9,215.58,41,0.795,0.248,0
4.15,202.44,37134.1,0.013,3.724,103,1107.19,401,0.659,0.401,0
35.88,624.37,318325.77,0.093,3.316,14,117.39,359,0.674,0.255,0
41.16,591.72,35854.12,0.237,4.267,50,74.64,406,0.675,0.429,0
24.22,257.28,191865.89,0.272,0.711,80,268.61,138,0.673,0.256,0
19.76,250.74,62290.49,0.097,1.285,62,984.4,372,0.508,0.557,0
30.77,16.13,1285.07,0.321,0.718,32,656.75,99,0.977,0.03,0
52.63,158.88,20842.68,0.125,1.365,13,773.46,756,0.635,0.34,0
51.22,408.86,94115.21,0.208,0.519,85,467.81,470,0.79,0.19,1
3.57,182.73,46674.45,0.213,2.769,59,138.29,28,0.666,0.332,0
11.71,507.27,37845.9,0.101,2.877,6,1036.02,405,0.525,0.486,0
14.97,486.59,126278.55,0.231,3.461,22,278.76,741,0.4,0.554,0
15.71,156.27,30426.89,0.116,2.232,67,97.69,594,0.901,0.087,0
34.7,272.04,90851.27,0.078,0.514,21,712.88,219,0.761,0.2,0
25.56,657.47,222799.99,0.028,3.533,47,154.95,713,0.624,0.316,0
3.91,63.7,19380.07,0.306,0.744,15,169.17,149,0.859,0.1,0
23.04,186.05,55059.15,0.236,4.398,95,972.43,198,0.892,0.051,0
31.9,56.97,6682.69,0.208,0.602,76,620.43,124,0.621,0.358,0
7.0,117.61,8103.49,0.094,2.887,94,335.32,738,0.69,0.332,0
50.17,786.39,158524.88,0.13,4.527,7,457.43,573,0.841,0.165,0
4.07,186.0,114849.64,0.243,3.076,45,891.33,414,0.807,0.292,0
55.57,32.64,25889.59,0.13,3.238,32,135.64,534,0.816,0.074,0
6.85,102.28,76338.69,0.372,3.567,75,192.79,207,0.903,0.121,0
50.77,50.52,21631.4,0.297,1.051,98,762.54,57,0.483,0.518,0
54.26,279.9,125638.19,0.195,3.537,28,751.95,676,0.609,0.432,0
58.79,339.87,97181.23,0.224,4.462,92,1168.61,771,0.3,0.736,0
48.32,454.72,286680.49,0.298,4.884,70,486.99,29,0.941,0.05,0
46.99,393.67,245478.96,0.444,2.494,99,134.19,42,0.884,0.124,0
38.91,66.96,45750.77,0.417,2.05,10,672.79,448,0.758,0.205,0
46.96,327.64,236432.03,0.081,3.89,118,787.72,35,0.739,0.292,0
8.94,223.68,84050.29,0.121,2.943,52,219.15,577,0.83,0.076,0
32.63,500.26,312739.96,0.078,1.658,34,690.26,756,0.928,0.111,0
31.34,425.21,278427.72,0.3,1.275,22,285.45,224,0.788,0.211,0
51.6,854.25,240337.94,0.366,1.266,118,1022.99,236,0.718,0.258,1
28.31,110.08,82220.73,0.118,2.566,106,1012.08,690,0.754,0.234,0
23.72,95.96,11588.03,0.152,1.266,16,549.78,285,0.81,0.182,1
38.73,167.17,133020.33,0.116,0.589,53,1162.09,192,0.644,0.421,0
16.72,230.69,144774.05,0.082,0.734,88,1176.94,68,0.565,0.596,0
9.25,140.85,16895.24,0.522,4.684,71,207.35,672,0.845,0.216,0
29.19,115.43,62584.49,0.186,0.828,23,479.19,740,0.82,0.152,0
25.6,312.15,23609.46,0.246,0.829,43,744.37,63,0.45,0.582,0
14.72,166.75,104657.1,0.473,2.53,44,156.72,642,0.852,0.181,0
22.68,135.72,88135.9,0.448,1.603,35,496.23,128,0.695,0.259,0
22.62,66.83,33538.11,0.056,4.832,115,357.74,111,0.812,0.125,0
20.32,18.4,12747.64,0.171,4.599,25,1145.34,305,0.541,0.456,0
23.39,604.36,74585.72,0.243,2.321,85,529.21,349,0.495,0.545,0
41.46,592.44,152224.35,0.42,2.519,109,929.44,683,0.751,0.168,0
18.52,434.22,156595.6,0.207,2.188,95,500.84,560,0.573,0.391,0
56.98,365.81,29938.98,0.064,0.67,96,210.27,116,0.458,0.571,0
55.06,154.13,59520.58,0.167,1.818,19,1043.99,467,0.642,0.36,0
29.37,376.45,93702.52,0.014,1.052,16,60.48,700,0.798,0.273,0
20.37,89.52,30843.02,0.247,0.961,94,123.77,530,0.432,0.498,0
32.59,267.13,98524.26,0.278,3.024,89,475.4,184,0.927,0.19,0
51.07,125.79,89255.95,0.186,0.944,89,843.06,103,0.869,0.054,0
39.5,377.56,95430.16,0.355,0.963,50,449.54,362,0.658,0.241,0
48.46,687.02,494865.75,0.077,2.662,63,135.6,378,0.79,0.207,0
32.43,101.91,37653.51,0.235,2.49,2,422.34,282,0.652,0.292,0
38.34,160.63,47523.15,0.118,1.119,35,339.28,88,0.741,0.257,0
18.0,263.4,112440.41,0.128,0.52,63,66.18,95,0.628,0.368,0
44.36,37.91,13772.68,0.121,1.368,15,669.67,423,0.74,0.251,0
12.94,53.29,12951.69,0.243,1.562,16,192.98,755,0.868,0.09,0
41.99,673.78,287708.57,0.214,4.101,6,387.75,478,0.795,0.227,0
51.78,313.15,51310.72,0.207,4.619,25,790.96,351,0.616,0.368,0
8.79,146.98,46142.69,0.304,2.327,119,886.63,745,0.71,0.345,0
37.25,242.61,115080.8,0.17,2.323,83,360.34,552,0.953,0.038,1
6.61,167.76,60403.35,0.159,3.706,113,435.28,574,0.533,0.419,0
43.82,269.34,179903.07,0.415,3.321,31,341.48,460,0.82,0.095,0
5.99,173.02,41964.75,0.083,1.329,72,1150.85,610,0.583,0.408,1
56.22,228.29,177459.56,0.106,0.985,107,277.19,401,0.8,0.137,0
9.11,401.38,256296.56,0.396,2.469,42,268.83,498,0.616,0.317,0
57.57,383.46,297445.29,0.309,3.042,79,567.34,493,0.684,0.342,0
48.25,648.8,440274.43,0.144,1.124,83,275.81,602,0.692,0.219,0
36.03,329.42,51580.39,0.119,1.82,100,238.65,718,0.472,0.598,0
47.17,254.55,113235.34,0.131,1.877,116,169.3,236,0.966,0.042,0
47.91,713.25,126591.22,0.328,1.676,74,789.8,559,0.758,0.24,0
56.82,210.11,139444.53,0.17,2.573,70,757.77,26,0.971,0.0,0
15.95,21.23,10363.14,0.091,3.439,104,801.19,426,0.822,0.216,1
35.81,437.95,108430.86,0.292,2.792,82,941.56,719,0.695,0.305,0
6.61,301.7,225431.86,0.085,1.407,44,432.05,516,0.784,0.182,0
37.35,245.53,33487.42,0.144,0.963,75,1107.0,214,0.625,0.385,0
11.11,445.98,210902.6,0.338,4.198,66,895.85,485,0.658,0.257,1
34.33,174.25,102944.54,0.217,2.657,28,977.37,286,0.954,0.0,0
34.77,22.82,2148.03,0.46,0.78,62,881.9,347,0.82,0.124,0
28.49,452.07,225308.11,0.175,1.662,75,468.64,183,0.816,0.202,0
31.84,142.55,94354.64,0.157,4.118,108,382.66,500,0.588,0.412,0
46.07,105.78,10646.72,0.136,3.883,70,541.67,159,0.816,0.236,0
48.16,24.62,10690.58,0.302,4.441,20,170.61,355,0.831,0.123,0
30.04,426.24,103968.02,0.189,3.209,118,574.46,751,0.645,0.383,0
36.38,11.61,6355.05,0.267,2.403,69,109.18,606,0.887,0.107,0
55.94,572.82,79626.23,0.089,2.42,35,64.5,332,0.792,0.161,0
8.06,188.56,141946.11,0.313,1.373,90,1121.91,775,0.834,0.186,0
7.91,440.41,317557.73,0.225,3.429,46,845.84,12,0.864,0.133,0
6.17,336.67,63792.12,0.208,3.133,45,700.51,767,0.841,0.128,0
39.81,800.81,234197.22,0.13,1.197,100,448.86,282,0.825,0.177,1
25.7,330.12,161998.53,0.362,4.485,104,710.41,656,0.952,0.041,1
46.68,558.64,328783.49,0.267,2.158,63,1076.4,758,0.93,0.063,0
40.6,156.37,59733.58,0.2,0.724,45,803.71,481,0.825,0.154,0
20.68,53.05,8871.14,0.059,1.975,103,746.83,488,0.71,0.225,0
54.0,488.05,62525.26,0.215,4.414,21,584.63,599,0.909,0.094,0
45.99,51.28,41014.25,0.193,4.626,89,454.09,192,0.638,0.322,0
16.96,422.98,165603.34,0.122,2.707,70,856.34,143,0.815,0.134,0
22.49,94.29,66414.98,0.145,4.804,102,1178.32,275,0.768,0.22,0
19.55,306.04,126020.17,0.328,4.439,51,544.22,383,0.855,0.182,0
10.3,810.64,601310.2,0.169,4.214,100,507.11,594,0.852,0.158,0
9.72,400.27,46358.58,0.077,4.369,2,548.05,206,0.482,0.491,0
56.23,210.84,28571.92,0.18,2.218,91,545.12,452,0.523,0.449,0
26.84,342.33,255797.1,0.077,3.904,9,1189.31,3,0.763,0.268,0
23.62,161.24,122645.86,0.133,3.098,77,865.73,25,0.605,0.275,0
44.05,1017.1,290929.95,0.611,3.739,24,469.47,773,0.931,0.109,1
33.63,133.32,42177.61,0.186,1.3,115,483.51,680,0.879,0.028,0
56.23,229.45,89335.15,0.246,3.791,92,551.11,691,0.454,0.475,0
47.04,375.46,135960.67,0.205,4.809,13,101.85,263,0.796,0.179,1
29.28,324.69,62514.21,0.068,1.862,107,661.71,411,0.475,0.633,0
23.21,351.58,254464.92,0.204,4.938,30,984.97,540,0.953,0.131,0
59.21,164.1,39379.9,0.177,2.203,65,813.05,204,0.674,0.362,0
43.35,203.97,118092.03,0.391,1.399,11,286.2,595,0.858,0.16,0
57.12,472.74,47446.89,0.143,1.005,13,889.96,554,0.923,0.0,0
7.99,456.83,36118.9,0.347,4.032,29,880.18,326,0.8,0.207,0
51.18,330.33,178476.91,0.107,2.997,64,359.29,348,0.883,0.09,0
38.59,605.64,184274.46,0.228,1.882,65,770.08,246,0.971,0.0,0
8.19,485.67,263034.62,0.076,3.238,102,756.48,642,0.913,0.095,0
35.71,447.38,53916.82,0.257,1.994,20,1017.36,789,0.904,0.072,0
41.48,50.18,38259.85,0.101,2.518,90,215.12,799,0.884,0.159,0
1.73,327.44,200194.95,0.041,4.382,1,282.12,617,0.708,0.195,0
27.8,285.92,202203.85,0.099,3.507,35,614.01,279,0.914,0.089,0
49.7,657.71,100204.15,0.247,3.931,21,110.33,625,0.91,0.046,0
18.43,219.45,63667.5,0.181,3.126,15,533.78,196,0.88,0.1,0
28.05,268.69,87660.86,0.049,4.961,70,958.57,717,0.731,0.284,1
27.1,93.1,42162.21,0.231,1.586,108,229.53,214,0.745,0.199,0
18.81,111.28,30341.37,0.192,1.68,80,584.34,322,0.846,0.162,0
55.19,659.11,62927.01,0.103,0.917,102,1188.34,75,0.66,0.329,0
47.1,350.61,114531.15,0.142,2.993,71,636.75,66,0.599,0.368,0
7.52,811.84,195582.57,0.188,3.26,7,628.09,315,0.928,0.048,0
59.83,216.3,73420.47,0.183,3.767,42,697.02,440,0.871,0.121,0
52.87,64.31,12715.48,0.13,2.01,99,272.04,14,0.343,0.618,0
17.75,192.36,47402.43,0.135,0.555,6,227.77,677,0.925,0.075,0
50.38,166.37,86546.03,0.077,3.345,12,832.18,92,0.766,0.22,0
7.28,410.09,139889.14,0.118,4.994,100,511.17,798,0.881,0.088,0
59.95,398.64,123194.92,0.054,1.825,8,390.49,218,0.724,0.355,0
40.28,363.13,163564.85,0.055,1.328,115,95.79,303,0.817,0.204,0
39.36,978.08,615107.25,0.104,1.768,91,1024.5,128,0.804,0.177,1
6.34,582.31,194577.81,0.235,2.414,80,96.85,659,0.743,0.265,0
53.92,118.63,58202.58,0.169,1.629,64,914.98,585,0.822,0.126,0
2.71,496.57,384669.91,0.26,2.061,11,495.47,63,0.618,0.36,0
15.21,255.47,112784.35,0.196,3.372,50,742.5,85,0.639,0.345,0
9.44,211.6,154965.78,0.233,2.053,97,342.35,487,0.821,0.117,0
46.83,631.34,407376.92,0.105,2.282,108,237.16,692,0.689,0.33,0
12.69,111.78,10511.48,0.099,0.68,54,668.06,88,0.836,0.139,0
54.73,474.17,176307.69,0.162,4.631,100,853.0,177,0.939,0.043,0
39.72,423.94,243228.9,0.179,2.331,93,282.86,436,0.547,0.425,0
3.13,109.8,86748.05,0.098,1.977,7,557.45,87,0.884,0.264,0
1.32,48.21,18982.79,0.14,0.889,74,566.91,244,0.772,0.194,0
4.05,234.19,28006.08,0.112,3.354,74,306.22,9,0.818,0.078,0
36.75,535.92,252691.63,0.538,4.387,65,704.16,399,0.923,0.0,0
48.29,326.53,47321.85,0.211,0.685,92,226.37,572,0.781,0.257,0
15.07,644.91,395744.08,0.197,1.154,106,641.11,330,0.896,0.171,0
51.12,310.48,133740.48,0.112,1.159,66,189.31,206,0.909,0.057,0
4.38,673.64,399183.23,0.007,3.21,39,613.52,340,0.76,0.304,0
48.26,151.82,106581.27,0.293,4.646,117,415.22,408,0.787,0.25,0
55.74,362.31,189021.99,0.068,2.47,115,575.56,133,0.628,0.363,0
46.55,181.01,92191.95,0.132,2.047,82,554.47,90,0.586,0.401,0
42.19,228.53,140757.43,0.064,3.946,77,1095.04,146,0.674,0.335,0
50.44,267.99,182724.69,0.32,3.842,13,618.53,788,0.807,0.236,0
3.37,325.77,228625.6,0.279,1.61,48,993.09,578,0.567,0.453,0
12.91,134.3,10384.08,0.05,1.224,24,317.24,101,0.845,0.122,0
8.37,350.01,163502.86,0.085,2.11,62,461.37,241,0.918,0.073,1
30.77,257.88,54722.0,0.175,3.99,99,145.6,330,0.748,0.351,0
44.97,68.27,47466.24,0.016,3.628,27,539.65,145,0.647,0.365,0
38.17,40.16,21537.21,0.022,3.496,119,822.32,681,0.835,0.209,0
51.22,537.28,196196.09,0.114,4.232,16,1015.51,752,0.777,0.25,0
10.16,219.78,41995.3,0.311,1.747,12,705.14,196,0.874,0.14,0
44.34,60.68,18461.48,0.095,2.029,116,789.68,14,0.902,0.103,0
12.39,747.19,431754.08,0.288,0.691,12,262.08,214,0.891,0.154,0
16.97,375.72,76372.56,0.202,4.409,88,102.41,466,0.716,0.32,0
42.88,319.49,38398.73,0.122,3.121,91,962.52,646,0.689,0.324,0
58.83,123.72,88589.37,0.273,1.842,40,250.42,272,0.72,0.245,0
37.08,67.24,41899.7,0.098,0.812,8,163.93,219,0.549,0.471,0
4.22,286.24,57202.98,0.249,3.755,37,1128.82,199,0.871,0.126,0
37.36,245.63,66132.59,0.378,3.869,9,1158.41,3,0.55,0.435,0
3.5,94.6,73695.41,0.109,3.498,80,762.53,12,0.846,0.288,0
53.16,91.36,53094.44,0.036,1.417,106,491.65,342,0.799,0.124,0
42.87,86.88,44123.31,0.012,4.609,119,1009.89,494,0.695,0.353,0
11.21,83.91,23553.95,0.115,3.889,96,293.38,11,0.971,0.0,0
6.41,147.5,40466.8,0.129,3.46,93,549.51,161,0.861,0.145,0
11.83,319.57,25451.42,0.161,3.429,105,467.0,727,0.821,0.307,0
58.82,359.55,214419.62,0.218,4.57,92,1100.48,792,0.84,0.112,0
28.06,241.74,19914.88,0.187,4.677,78,1108.55,513,0.764,0.2,0
47.26,276.51,14833.07,0.095,3.18,119,802.01,417,0.753,0.246,0
38.55,371.88,222054.8,0.077,2.375,39,186.24,466,0.453,0.505,1
34.77,28.39,21623.42,0.058,2.137,50,609.7,297,0.866,0.179,0
9.56,292.97,180875.42,0.207,4.186,108,339.67,162,0.585,0.389,0
56.82,599.86,242182.49,0.256,3.401,38,1068.8,301,0.915,0.118,0
18.78,215.27,89234.74,0.072,0.848,36,217.78,560,0.732,0.201,0
35.1,522.53,197046.18,0.245,1.14,19,121.91,530,0.707,0.202,0
42.29,218.43,64106.83,0.129,4.551,33,863.05,542,0.827,0.162,1
39.3,389.6,171924.92,0.181,4.48,71,576.75,487,0.771,0.151,0
56.5,314.83,117544.83,0.345,4.783,106,1015.74,49,0.743,0.333,0
9.76,85.47,42618.55,0.16,2.425,17,145.08,501,0.601,0.322,0
30.99,106.43,77013.28,0.068,4.028,82,973.23,704,0.709,0.239,0
24.84,673.62,536371.96,0.054,4.227,92,102.56,519,0.763,0.258,0
28.98,450.47,49127.52,0.182,1.921,107,92.0,463,0.762,0.208,0
8.03,230.22,77932.63,0.091,1.154,90,585.9,179,0.86,0.065,0
8.91,206.91,38388.78,0.307,4.987,19,312.27,634,0.664,0.438,0
17.41,124.48,39098.84,0.11,0.636,59,736.84,361,0.7,0.25,0
18.98,334.68,88891.97,0.174,3.188,114,89.43,211,0.454,0.536,0
26.25,134.33,24300.65,0.202,3.426,109,100.34,392,0.642,0.347,0
37.05,185.7,115698.86,0.43,3.568,73,888.95,98,0.469,0.566,0
38.44,146.99,62062.15,0.104,1.65,115,299.59,741,0.727,0.296,0
25.3,431.15,318804.33,0.19,3.747,80,808.32,562,0.927,0.032,0
25.12,222.81,16587.21,0.214,1.474,8,914.91,261,0.906,0.077,0
13.84,278.09,27873.63,0.147,4.231,109,127.64,635,0.9,0.089,0
35.71,87.19,30729.6,0.109,1.486,21,937.52,44,0.717,0.32,0
19.71,146.12,16103.31,0.067,3.635,46,366.0,309,0.767,0.175,0
3.13,282.71,69843.75,0.267,4.025,29,504.08,521,0.926,0.175,0
25.69,51.4,40581.74,0.296,1.35,86,158.77,19,0.727,0.235,0
28.97,209.78,43366.16,0.238,1.571,4,1016.04,567,0.794,0.205,0
14.31,247.5,49151.16,0.341,4.006,77,699.23,654,0.673,0.269,0
34.78,76.56,36768.07,0.201,0.887,103,635.32,475,0.852,0.083,0
34.38,506.83,214640.9,0.079,1.358,94,1164.15,165,0.654,0.302,0
42.42,323.1,156811.57,0.152,2.55,37,441.34,599,0.868,0.083,0
39.23,221.52,73667.49,0.061,4.686,107,1075.49,271,0.72,0.259,0
39.49,137.07,91847.43,0.117,3.028,44,880.44,588,0.908,0.043,0
19.66,49.15,7566.36,0.287,2.245,81,1118.52,502,0.609,0.426,0
47.46,480.61,178448.62,0.241,4.903,61,1094.89,75,0.543,0.418,1
33.4,171.76,97440.81,0.068,2.587,9,1189.77,80,0.73,0.225,0
26.45,64.3,45084.93,0.423,2.452,1,210.11,13,0.865,0.116,0
37.93,133.66,43731.02,0.073,2.352,22,967.46,58,0.663,0.386,0
22.28,348.27,165711.05,0.193,1.905,112,977.12,240,0.78,0.231,0
31.25,299.11,30465.82,0.25,1.966,114,794.59,21,0.632,0.363,0
44.47,95.01,16887.53,0.274,3.595,49,377.9,750,0.855,0.074,0
53.3,539.75,54975.23,0.068,0.684,116,1160.27,733,0.899,0.043,1
55.34,63.38,37768.61,0.082,3.568,6,293.04,138,0.752,0.184,0
30.71,616.0,163884.68,0.111,1.405,116,629.52,249,0.548,0.518,0
31.7,289.75,171766.96,0.125,2.229,28,654.5,594,0.764,0.263,0
48.19,182.8,18243.12,0.301,1.159,5,244.49,528,0.88,0.077,0
19.55,204.24,142339.46,0.112,2.987,91,883.68,465,0.639,0.332,0
50.41,265.53,179671.3,0.162,3.782,46,161.31,791,0.852,0.107,0
30.15,367.85,42927.17,0.075,2.096,35,850.13,504,0.902,0.053,0
7.84,39.63,2687.3,0.21,1.235,91,1027.42,535,0.33,0.693,0
5.25,129.79,11969.14,0.148,1.519,40,458.31,402,0.774,0.211,0
50.68,259.12,178853.68,0.157,4.182,90,868.74,420,0.678,0.426,0
4.28,553.72,125155.26,0.359,1.704,24,238.72,233,0.896,0.166,0
17.56,539.54,248839.11,0.027,3.986,11,1024.38,417,0.797,0.268,0
20.71,701.78,259436.02,0.075,1.99,39,1145.32,734,0.754,0.28,1
11.21,522.2,337677.13,0.193,1.349,73,234.07,302,0.864,0.114,0
19.52,121.16,50485.69,0.118,3.773,27,848.72,107,0.876,0.154,0
44.82,246.72,104976.21,0.14,2.608,18,636.65,480,0.92,0.063,0
1.87,524.31,415161.23,0.208,0.641,90,665.91,628,0.797,0.284,0
49.8,489.97,79667.66,0.265,4.82,59,865.4,767,0.631,0.39,0
51.54,212.58,143070.77,0.124,1.165,52,617.16,434,0.895,0.118,0
22.96,360.62,32027.11,0.252,2.09,29,744.37,630,0.754,0.252,0
10.06,170.95,69789.28,0.11,2.232,3,323.23,201,0.875,0.212,0
36.45,58.08,41511.57,0.162,2.702,7,491.5,339,0.684,0.244,0
8.06,227.63,124946.2,0.159,4.034,82,1046.37,335,0.671,0.421,0
22.53,216.97,122354.54,0.192,0.527,10,185.29,266,0.647,0.344,0
57.55,164.17,40630.0,0.136,4.696,30,741.24,573,0.824,0.106,0
59.73,368.9,134253.44,0.022,3.407,109,270.09,706,0.761,0.201,0
46.55,206.95,67245.73,0.257,4.778,41,1025.06,261,0.847,0.071,0
19.35,333.03,146891.73,0.475,4.178,89,720.11,109,0.856,0.177,0
41.57,425.67,168852.19,0.263,4.675,41,519.48,660,0.704,0.244,0
42.62,1055.63,311594.92,0.076,3.205,111,344.8,679,0.692,0.317,1
23.88,230.64,64374.56,0.279,2.108,98,558.0,747,0.764,0.292,0
38.81,558.96,133110.38,0.253,2.493,56,1151.68,204,0.861,0.106,0
1.63,295.93,95817.02,0.268,3.461,82,640.5,575,0.941,0.045,0
13.33,308.67,50145.64,0.135,2.421,50,595.22,572,0.59,0.345,0
31.98,233.1,164119.94,0.329,3.793,113,910.75,632,0.964,0.016,0
10.66,277.09,138985.49,0.204,0.913,43,492.11,645,0.87,0.258,0
10.79,208.5,31345.22,0.244,4.235,100,547.26,762,0.642,0.397,0
50.34,494.45,282028.76,0.084,1.419,74,444.12,382,0.704,0.283,0
59.36,134.12,91969.94,0.139,4.748,77,232.05,61,0.638,0.331,1
33.8,57.45,13108.21,0.359,1.2,42,873.74,154,0.756,0.242,0
50.51,159.65,26014.37,0.373,1.081,100,1055.26,709,0.909,0.098,1
59.43,145.48,8214.42,0.233,4.153,89,1092.38,675,0.91,0.069,0
9.35,159.57,13633.6,0.188,4.184,98,1064.12,9,0.51,0.517,0
27.45,223.61,139013.5,0.002,3.824,96,575.03,294,0.558,0.395,0
24.16,160.08,126523.31,0.093,4.822,19,383.84,196,0.674,0.278,0
5.72,221.12,18499.37,0.161,1.717,105,787.23,257,0.706,0.312,1
45.56,160.5,98073.77,0.105,4.22,101,1148.36,511,0.848,0.094,0
26.59,338.15,35132.43,0.134,2.084,29,888.84,408,0.465,0.572,0
28.69,1049.4,518507.66,0.126,2.918,117,624.13,385,0.809,0.191,0
9.89,291.54,179898.53,0.039,2.505,63,845.24,348,0.954,0.0,0
11.67,166.11,53055.63,0.399,0.526,39,940.69,513,0.98,0.026,0
54.52,15.95,928.37,0.174,3.085,27,1107.97,546,0.861,0.055,0
3.63,829.2,411608.97,0.131,3.864,44,930.07,35,0.549,0.486,0
14.74,303.76,241014.98,0.156,1.285,5,553.84,110,0.708,0.28,0
18.23,219.58,53403.66,0.14,4.692,83,371.91,273,0.672,0.421,0
29.92,17.54,3368.9,0.074,2.887,85,629.87,349,0.782,0.271,0
35.6,228.72,32694.13,0.067,1.302,80,434.12,796,0.956,0.0,0
30.1,275.33,128423.26,0.067,3.407,66,1134.75,713,0.81,0.089,0
5.96,161.0,80069.48,0.136,1.364,44,639.08,519,0.723,0.239,0
15.38,70.07,45139.29,0.181,0.786,87,598.14,29,0.373,0.566,0
50.77,65.27,40125.69,0.138,3.584,104,456.94,81,0.895,0.196,0
38.62,837.86,602762.94,0.105,0.998,11,788.92,366,0.824,0.176,0
39.3,269.38,176264.11,0.096,0.978,46,652.86,470,0.725,0.322,0
40.54,160.88,37878.14,0.115,3.83,119,207.12,528,0.622,0.363,0
46.01,257.34,120152.7,0.123,0.748,103,1050.9,114,0.5,0.491,0
4.43,244.08,66647.34,0.114,4.144,119,469.27,710,0.68,0.318,0
22.63,61.82,18382.83,0.134,4.083,22,553.14,395,0.824,0.232,0
32.83,472.24,353684.75,0.248,1.136,56,294.46,475,0.9,0.115,0
20.97,215.06,120739.39,0.174,2.833,16,690.87,32,0.553,0.394,0
50.82,272.19,212563.89,0.235,0.935,104,860.34,659,0.902,0.179,0
29.47,659.11,239048.02,0.102,3.347,62,1064.53,434,0.734,0.251,0
46.35,72.3,32756.44,0.228,0.783,29,118.83,178,0.557,0.42,0
51.27,127.99,53160.24,0.292,4.75,11,1169.6,255,0.684,0.174,0
30.78,315.83,41204.58,0.439,1.435,88,862.35,282,0.915,0.117,0
54.66,465.82,105987.16,0.172,3.573,97,384.1,22,0.688,0.317,0
35.64,148.28,66090.6,0.113,1.077,105,293.1,753,0.271,0.734,1
51.17,155.68,15650.94,0.217,1.443,116,397.54,642,0.864,0.116,0
21.09,392.6,293902.7,0.2,2.529,97,1058.33,708,0.477,0.494,0
30.43,996.42,142370.9,0.443,3.079,94,392.18,283,0.585,0.396,0
32.35,263.89,52377.57,0.239,4.995,97,587.62,446,0.672,0.351,0
7.19,127.63,79638.34,0.085,0.617,119,864.54,367,0.881,0.151,0
24.51,96.08,11788.8,0.365,0.501,56,1054.07,380,0.8,0.189,0
55.12,223.09,161784.91,0.265,2.077,91,810.77,471,0.885,0.162,0
38.22,451.11,268081.4,0.005,2.148,98,918.54,361,0.716,0.28,0
11.47,1284.19,130301.45,0.228,4.477,14,257.59,618,0.663,0.311,1
20.99,194.48,110638.82,0.227,4.607,83,1060.24,47,0.813,0.197,0
12.3,264.21,138370.91,0.497,4.462,41,374.32,154,0.732,0.2,0
2.46,747.29,461834.85,0.077,1.144,16,206.35,714,0.7,0.312,0
55.72,312.02,209410.45,0.154,2.354,21,1172.92,705,0.912,0.011,1
27.44,293.05,172539.76,0.126,3.856,14,289.87,654,0.787,0.161,0
19.14,653.57,320006.7,0.059,1.907,107,215.78,295,0.855,0.045,1
36.31,268.94,78489.72,0.149,3.485,92,773.66,365,0.826,0.165,0
1.43,103.82,59487.03,0.265,1.567,13,423.5,21,0.92,0.161,0
17.4,566.11,434616.19,0.183,1.955,75,212.02,224,0.775,0.219,0
42.48,51.07,25056.83,0.418,4.372,79,745.28,581,0.87,0.162,0
38.39,502.72,275622.77,0.045,1.627,62,925.24,274,0.908,0.21,0
58.93,248.47,93884.32,0.357,4.839,73,964.25,384,0.589,0.431,0
37.6,196.16,121050.39,0.376,1.878,108,237.28,99,0.944,0.018,0
